Form Filler Name,Friend Name,Form Filler Cohort,Form Filler Cohort No.,Friend Cohort,Friend Cohort No.,Dare for Friend
Meera 1,Aditya 151,Alpha,3,Beta,6,Imitate a teacher
Yash 2,Tanya 152,Alpha,18,Alpha,17,Do a funny walk across the room
Aditi 3,Sanya 153,Alpha,13,Beta,16,Sing a song in front of everyone
Neha 4,Tanya 154,Alpha,11,Omega,17,Act like a superhero
Arjun 5,Rohan 155,Alpha,17,Omega,6,Imitate a teacher
Ishita 6,Vihaan 156,Delta,17,Omega,9,Recite the alphabet backwards
Tanya 7,Sanya 157,Beta,16,Delta,15,Speak in rhyme for 2 minutes
Arjun 8,Tanya 158,Gamma,17,Gamma,8,Compliment 5 strangers
Riya 9,Kabir 159,Delta,8,Omega,5,Sing a song in front of everyone
Neha 10,Rohan 160,Omega,12,Gamma,12,Act like a superhero
Aarav 11,Riya 161,Alpha,4,Delta,14,Dance for 30 seconds
Ishita 12,Neha 162,Gamma,2,Delta,17,Dance for 30 seconds
Dev 13,Priya 163,Alpha,2,Gamma,10,Imitate a teacher
Riya 14,Meera 164,Delta,11,Alpha,8,Act like a superhero
Arjun 15,Aarav 165,Gamma,17,Gamma,18,Recite the alphabet backwards
Vihaan 16,Tanya 166,Delta,10,Beta,17,Do 20 jumping jacks
Yash 17,Kabir 167,Delta,15,Omega,17,Sing a song in front of everyone
Aditya 18,Sanya 168,Beta,14,Beta,18,Sing a song in front of everyone
Aditya 19,Tanya 169,Beta,9,Alpha,3,Compliment 5 strangers
Kunal 20,Tanya 170,Delta,14,Delta,19,Do 20 jumping jacks
Neha 21,Vihaan 171,Delta,17,Delta,12,Speak in rhyme for 2 minutes
Aarav 22,Neha 172,Alpha,1,Omega,17,Imitate a teacher
Ananya 23,Riya 173,Delta,12,Delta,20,Speak in rhyme for 2 minutes
Priya 24,Riya 174,Alpha,8,Beta,5,Speak in rhyme for 2 minutes
Aditya 25,Kunal 175,Omega,13,Beta,2,Recite the alphabet backwards
Ananya 26,Ananya 176,Delta,18,Beta,20,Imitate a teacher
Aditya 27,Tanya 177,Omega,10,Gamma,13,Compliment 5 strangers
Neha 28,Aditi 178,Omega,6,Alpha,4,Do a funny walk across the room
Aditi 29,Arjun 179,Omega,12,Beta,10,Do 20 jumping jacks
Ishita 30,Meera 180,Beta,10,Omega,9,Compliment 5 strangers
Neha 31,Dev 181,Gamma,14,Omega,18,Imitate a teacher
Ananya 32,Ananya 182,Alpha,14,Alpha,2,Act like a superhero
Rohan 33,Tanya 183,Delta,15,Omega,17,Compliment 5 strangers
Riya 34,Kunal 184,Gamma,5,Alpha,19,Recite the alphabet backwards
Meera 35,Aditya 185,Alpha,10,Alpha,1,Sing a song in front of everyone
Ananya 36,Vihaan 186,Delta,10,Delta,5,Sing a song in front of everyone
Aarav 37,Rahul 187,Gamma,18,Beta,12,Compliment 5 strangers
Dev 38,Ishita 188,Delta,16,Omega,2,Compliment 5 strangers
Tanya 39,Sanya 189,Gamma,19,Gamma,19,Recite the alphabet backwards
Kunal 40,Aditi 190,Delta,10,Omega,19,Speak in rhyme for 2 minutes
Sanya 41,Arjun 191,Beta,1,Beta,15,Do 20 jumping jacks
Rahul 42,Arjun 192,Gamma,7,Delta,17,Compliment 5 strangers
Aditi 43,Vihaan 193,Omega,16,Delta,17,Act like a superhero
Aditya 44,Meera 194,Omega,15,Beta,8,Do a funny walk across the room
Vihaan 45,Kabir 195,Omega,14,Gamma,14,Do a funny walk across the room
Priya 46,Arjun 196,Omega,3,Alpha,11,Speak in rhyme for 2 minutes
Rohan 47,Meera 197,Omega,6,Omega,17,Dance for 30 seconds
Riya 48,Kabir 198,Gamma,16,Omega,15,Tell an embarrassing story
Ananya 49,Dev 199,Gamma,11,Beta,6,Compliment 5 strangers
Ananya 50,Priya 200,Delta,7,Alpha,6,Do 20 jumping jacks
Nisha 51,Kabir 201,Delta,13,Omega,5,Act like a superhero
Dev 52,Yash 202,Omega,7,Delta,15,Do a funny walk across the room
Tanya 53,Sanya 203,Gamma,17,Delta,13,Sing a song in front of everyone
Neha 54,Priya 204,Gamma,2,Omega,2,Speak in rhyme for 2 minutes
Ananya 55,Sanya 205,Alpha,7,Beta,9,Do a funny walk across the room
Kunal 56,Kunal 206,Alpha,18,Omega,5,Sing a song in front of everyone
Priya 57,Aarav 207,Delta,9,Gamma,19,Sing a song in front of everyone
Aditi 58,Neha 208,Omega,20,Omega,17,Compliment 5 strangers
Vihaan 59,Priya 209,Gamma,12,Gamma,1,Dance for 30 seconds
Aditi 60,Yash 210,Omega,19,Omega,16,Do 20 jumping jacks
Riya 61,Vihaan 211,Omega,5,Omega,3,Act like a superhero
Ananya 62,Ananya 212,Delta,9,Beta,5,Recite the alphabet backwards
Riya 63,Kunal 213,Alpha,19,Gamma,14,Imitate a teacher
Ishita 64,Riya 214,Omega,7,Delta,6,Do 20 jumping jacks
Kabir 65,Tanya 215,Omega,20,Omega,13,Speak in rhyme for 2 minutes
Kunal 66,Yash 216,Omega,18,Beta,3,Act like a superhero
Kunal 67,Meera 217,Gamma,1,Gamma,12,Dance for 30 seconds
Riya 68,Dev 218,Delta,6,Omega,20,Recite the alphabet backwards
Aditi 69,Tanya 219,Omega,5,Alpha,2,Speak in rhyme for 2 minutes
Ananya 70,Nisha 220,Beta,18,Delta,7,Recite the alphabet backwards
Nisha 71,Kabir 221,Omega,5,Delta,13,Dance for 30 seconds
Tanya 72,Neha 222,Beta,12,Alpha,14,Do 20 jumping jacks
Aarav 73,Kunal 223,Omega,4,Alpha,8,Compliment 5 strangers
Nisha 74,Vihaan 224,Beta,9,Delta,16,Tell an embarrassing story
Arjun 75,Vihaan 225,Omega,19,Alpha,15,Recite the alphabet backwards
Neha 76,Ishita 226,Gamma,17,Beta,18,Act like a superhero
Yash 77,Aarav 227,Alpha,15,Alpha,2,Speak in rhyme for 2 minutes
Aditya 78,Kabir 228,Beta,4,Alpha,7,Do a funny walk across the room
Meera 79,Ananya 229,Gamma,10,Beta,14,Do a funny walk across the room
Vihaan 80,Tanya 230,Beta,1,Beta,15,Act like a superhero
Ananya 81,Neha 231,Gamma,20,Delta,15,Act like a superhero
Yash 82,Ishita 232,Gamma,5,Gamma,13,Compliment 5 strangers
Tanya 83,Vihaan 233,Delta,1,Alpha,4,Sing a song in front of everyone
Aditya 84,Riya 234,Omega,20,Gamma,18,Sing a song in front of everyone
Dev 85,Arjun 235,Beta,8,Alpha,4,Imitate a teacher
Rahul 86,Dev 236,Alpha,8,Alpha,18,Sing a song in front of everyone
Rohan 87,Rahul 237,Alpha,6,Alpha,18,Speak in rhyme for 2 minutes
Kunal 88,Kabir 238,Delta,3,Delta,20,Act like a superhero
Kunal 89,Arjun 239,Delta,2,Gamma,9,Compliment 5 strangers
Arjun 90,Yash 240,Delta,5,Delta,11,Dance for 30 seconds
Aditi 91,Yash 241,Beta,16,Gamma,19,Dance for 30 seconds
Tanya 92,Nisha 242,Gamma,1,Beta,15,Sing a song in front of everyone
Dev 93,Meera 243,Gamma,3,Omega,16,Speak in rhyme for 2 minutes
Arjun 94,Sanya 244,Delta,8,Omega,17,Sing a song in front of everyone
Yash 95,Nisha 245,Beta,19,Omega,18,Recite the alphabet backwards
Neha 96,Arjun 246,Alpha,8,Alpha,19,Do 20 jumping jacks
Meera 97,Arjun 247,Alpha,19,Omega,2,Do 20 jumping jacks
Yash 98,Meera 248,Omega,20,Alpha,7,Do 20 jumping jacks
Rohan 99,Tanya 249,Alpha,20,Omega,14,Dance for 30 seconds
Rahul 100,Rahul 250,Omega,7,Alpha,9,Tell an embarrassing story
Kabir 101,Vihaan 251,Delta,9,Omega,7,Sing a song in front of everyone
Priya 102,Yash 252,Omega,20,Gamma,4,Tell an embarrassing story
Aarav 103,Priya 253,Gamma,1,Gamma,11,Act like a superhero
Kunal 104,Yash 254,Beta,1,Omega,7,Dance for 30 seconds
Aditya 105,Kabir 255,Beta,14,Beta,15,Sing a song in front of everyone
Aditya 106,Priya 256,Beta,6,Gamma,15,Tell an embarrassing story
Tanya 107,Kunal 257,Beta,17,Alpha,19,Do a funny walk across the room
Priya 108,Tanya 258,Delta,6,Alpha,7,Sing a song in front of everyone
Tanya 109,Vihaan 259,Gamma,3,Alpha,1,Recite the alphabet backwards
Dev 110,Vihaan 260,Omega,12,Delta,15,Do 20 jumping jacks
Ishita 111,Tanya 261,Omega,12,Alpha,12,Tell an embarrassing story
Kunal 112,Aarav 262,Gamma,20,Beta,15,Recite the alphabet backwards
Neha 113,Sanya 263,Gamma,4,Alpha,12,Act like a superhero
Nisha 114,Riya 264,Gamma,18,Gamma,9,Speak in rhyme for 2 minutes
Aarav 115,Aditya 265,Delta,9,Omega,15,Dance for 30 seconds
Sanya 116,Priya 266,Delta,16,Omega,19,Do 20 jumping jacks
Ishita 117,Priya 267,Gamma,14,Omega,1,Sing a song in front of everyone
Yash 118,Meera 268,Delta,16,Omega,17,Sing a song in front of everyone
Rohan 119,Dev 269,Omega,15,Alpha,5,Sing a song in front of everyone
Kabir 120,Rohan 270,Beta,6,Gamma,14,Dance for 30 seconds
Yash 121,Arjun 271,Omega,9,Gamma,2,Sing a song in front of everyone
Rohan 122,Kunal 272,Gamma,13,Beta,19,Act like a superhero
Ananya 123,Aditi 273,Alpha,11,Delta,18,Sing a song in front of everyone
Yash 124,Aarav 274,Beta,15,Omega,9,Compliment 5 strangers
Neha 125,Aditya 275,Beta,19,Delta,13,Compliment 5 strangers
Ishita 126,Kunal 276,Gamma,20,Beta,20,Imitate a teacher
Kunal 127,Yash 277,Alpha,12,Gamma,14,Tell an embarrassing story
Aarav 128,Ishita 278,Delta,10,Alpha,2,Dance for 30 seconds
Priya 129,Sanya 279,Beta,7,Omega,5,Do a funny walk across the room
Neha 130,Dev 280,Omega,14,Omega,7,Compliment 5 strangers
Neha 131,Sanya 281,Omega,1,Alpha,7,Compliment 5 strangers
Tanya 132,Aarav 282,Gamma,5,Delta,13,Act like a superhero
Yash 133,Nisha 283,Omega,5,Omega,14,Tell an embarrassing story
Yash 134,Meera 284,Omega,15,Gamma,19,Sing a song in front of everyone
Rahul 135,Rahul 285,Gamma,17,Omega,4,Speak in rhyme for 2 minutes
Arjun 136,Ishita 286,Alpha,20,Gamma,4,Compliment 5 strangers
Riya 137,Riya 287,Delta,10,Delta,9,Sing a song in front of everyone
Kabir 138,Dev 288,Omega,6,Omega,2,Do 20 jumping jacks
Nisha 139,Vihaan 289,Gamma,1,Alpha,6,Sing a song in front of everyone
Riya 140,Aditi 290,Alpha,12,Omega,10,Act like a superhero
Meera 141,Ishita 291,Gamma,3,Gamma,11,Act like a superhero
Ananya 142,Nisha 292,Beta,16,Delta,17,Do a funny walk across the room
Rohan 143,Aditya 293,Omega,3,Alpha,13,Compliment 5 strangers
Rohan 144,Riya 294,Beta,17,Gamma,17,Compliment 5 strangers
Nisha 145,Vihaan 295,Beta,12,Delta,13,Do a funny walk across the room
Vihaan 146,Sanya 296,Alpha,19,Omega,15,Act like a superhero
Nisha 147,Nisha 297,Gamma,19,Omega,2,Act like a superhero
Ishita 148,Rohan 298,Gamma,10,Gamma,15,Dance for 30 seconds
Ananya 149,Rahul 299,Delta,6,Beta,2,Dance for 30 seconds
Aditi 150,Kunal 300,Gamma,17,Delta,13,Imitate a teacher
